Model,Accuracy
Logistic Regression,0.794889992902768
KNN,0.7707594038325053
Decision Tree,0.7686302342086586
Random Forest,0.7963094393186657
